,domain
0,rustreaper.com
1,thunderpick.com
2,hellcase.com
3,givedrop.ru
5,duelbits.com
6,csgolive.com
7,farmskins.com
8,skinswap.com
10,cs.deals
12,farmskins.com
13,skins.cash
14,itrade.gg
15,rustypot.com
16,csgoselly.com
17,skinbet.gg
19,rustcases.com
20,loot.farm
21,tradeskinsfast.com
22,insane.gg
23,dmarket.com
24,daddyskins.com
25,datdrop.com
26,skincashier.com
27,swap.gg
28,cs.money
29,bitskins.com
30,bounty.gg
31,csgofast.com
32,howl.gg
33,wtfskins.com
34,datdrop.com
35,loot.bet
36,csgoexo.com
37,bandit.camp
38,knifex.com
39,plg.bet
40,pvpro.com
41,fairspin.com
42,flamecases.com
44,caserandom.com
45,rustmoment.com
49,shadowpay.com
50,rustclash.com
51,rollbit.com
52,rustytrade.com
53,skinport.com
54,knifex.com
55,tradeit.gg
56,rustbet.com
57,helltv.store
58,csgoempire.com
59,ruststake.com
60,cs.trade
61,waxpeer.com
62,rustchance.com
63,rustysaloon.com
64,gamdom.com
65,skinsmonkey.com
66,ezy.com
67,sellyourskins.com
69,hellstore.org
70,lootbear.com
71,casedrop.com
72,key-drop.com
74,csgoroll.com
75,csgo500.com
76,csgopositive.com
77,galaxy.bet.com
